timestamp,p_x,p_y,p_z,v_x,v_y,v_z,q_w,q_x,q_y,q_z
0.000000,5.500000,0.000000,0.000000,-0.000000,4.180000,0.437000,1.000000,0.000000,0.000000,0.000000
0.030000,5.498559,0.125288,0.013129,-0.096036,4.172519,0.438271,0.999946,-0.000967,-0.001637,0.010200
0.060000,5.494247,0.250367,0.026215,-0.191454,4.166124,0.434136,0.999763,-0.001312,-0.001480,0.021680
0.090000,5.487089,0.375235,0.039154,-0.285771,4.158387,0.428463,0.999452,-0.001449,-0.001453,0.033038
0.120000,5.477110,0.499847,0.051905,-0.379486,4.149083,0.421618,0.999008,-0.001455,-0.001369,0.044478
0.150000,5.464324,0.624153,0.064439,-0.472898,4.137946,0.413927,0.998436,-0.001436,-0.001334,0.055877
0.180000,5.448738,0.748094,0.076729,-0.566148,4.124828,0.405431,0.997731,-0.001375,-0.001303,0.067305
0.210000,5.430355,0.871613,0.088754,-0.659383,4.109781,0.396251,0.996898,-0.001304,-0.001255,0.078681
0.240000,5.409176,0.994651,0.100492,-0.752581,4.092715,0.386252,0.995928,-0.001207,-0.001281,0.090139
0.270000,5.385204,1.117148,0.111918,-0.845558,4.073793,0.375514,0.994832,-0.001074,-0.001243,0.101521
0.300000,5.358448,1.239051,0.123015,-0.938189,4.053074,0.364254,0.993599,-0.000953,-0.001271,0.112957
0.330000,5.328916,1.360304,0.133760,-1.030566,4.030438,0.352093,0.992241,-0.000874,-0.001250,0.124317
0.360000,5.296621,1.480852,0.144129,-1.122489,4.006072,0.339206,0.990747,-0.000825,-0.001264,0.135715
0.390000,5.261571,1.600641,0.154102,-1.214159,3.979880,0.325637,0.989126,-0.000799,-0.001282,0.147061
0.420000,5.223779,1.719617,0.163656,-1.305314,3.951873,0.311312,0.987373,-0.000754,-0.001298,0.158404
0.450000,5.183264,1.837724,0.172769,-1.395659,3.921910,0.296202,0.985495,-0.000660,-0.001310,0.169701
0.480000,5.140052,1.954905,0.181416,-1.485142,3.890183,0.280265,0.983484,-0.000596,-0.001305,0.180987
0.510000,5.094164,2.071108,0.189576,-1.574059,3.856636,0.263716,0.981339,-0.000470,-0.001329,0.192279
0.540000,5.045620,2.186273,0.197229,-1.662239,3.821033,0.246492,0.979082,-0.000475,-0.001262,0.203461
0.570000,4.994440,2.300337,0.204357,-1.749724,3.783275,0.228751,0.976683,-0.000453,-0.001282,0.214684
0.600000,4.940647,2.413240,0.210943,-1.836476,3.743566,0.210312,0.974167,-0.000464,-0.001262,0.225825
0.630000,4.884262,2.524917,0.216964,-1.922542,3.701574,0.191087,0.971517,-0.000466,-0.001270,0.236968
0.660000,4.825306,2.635304,0.222402,-2.007877,3.657584,0.171410,0.968747,-0.000480,-0.001252,0.248047
0.690000,4.763802,2.744342,0.227240,-2.092369,3.611554,0.151156,0.965843,-0.000488,-0.001237,0.259123
0.720000,4.699777,2.851969,0.231463,-2.175959,3.563627,0.130382,0.962819,-0.000489,-0.001218,0.270143
0.750000,4.633257,2.958129,0.235056,-2.258695,3.513670,0.109118,0.959669,-0.000474,-0.001210,0.281128
0.780000,4.564272,3.062763,0.238004,-2.340319,3.461937,0.087454,0.956402,-0.000488,-0.001120,0.292052
0.810000,4.492854,3.165819,0.240295,-2.420865,3.408455,0.065266,0.952993,-0.000482,-0.001133,0.302990
0.840000,4.419035,3.267245,0.241914,-2.500409,3.353314,0.042657,0.949481,-0.000465,-0.001092,0.313824
0.870000,4.342850,3.366992,0.242849,-2.578609,3.296469,0.019671,0.945827,-0.000474,-0.001054,0.324668
0.900000,4.264341,3.465009,0.243094,-2.655337,3.237994,-0.003367,0.942066,-0.000459,-0.001058,0.335426
0.930000,4.183548,3.561248,0.242641,-2.730876,3.177948,-0.026813,0.938173,-0.000483,-0.000981,0.346164
0.960000,4.100509,3.655663,0.241485,-2.805002,3.116358,-0.050275,0.934178,-0.000478,-0.001005,0.356805
0.990000,4.015272,3.748205,0.239624,-2.877470,3.053105,-0.073734,0.930031,-0.000470,-0.000962,0.367480
1.020000,3.927885,3.838826,0.237058,-2.948378,2.988303,-0.097349,0.925803,-0.000466,-0.000954,0.378006
1.050000,3.838393,3.927479,0.233786,-3.017703,2.921919,-0.120777,0.921411,-0.000445,-0.000957,0.388587
1.080000,3.746847,4.014118,0.229818,-3.085402,2.854002,-0.143784,0.916962,-0.000442,-0.000911,0.398973
1.110000,3.653294,4.098699,0.225166,-3.151424,2.784732,-0.166347,0.912334,-0.000410,-0.000924,0.409446
1.140000,3.557791,4.181178,0.219846,-3.215462,2.713888,-0.188337,0.907656,-0.000380,-0.000850,0.419713
1.170000,3.460396,4.261509,0.213876,-3.277572,2.641507,-0.209609,0.902806,-0.000322,-0.000824,0.430048
1.200000,3.361166,4.339648,0.207282,-3.337742,2.567733,-0.230043,0.897886,-0.000298,-0.000799,0.440227
1.230000,3.260162,4.415552,0.200087,-3.395833,2.492526,-0.249622,0.892809,-0.000264,-0.000815,0.450434
1.260000,3.157445,4.489177,0.192316,-3.451952,2.415834,-0.268442,0.887651,-0.000249,-0.000800,0.460516
1.290000,3.053075,4.560479,0.183995,-3.506069,2.337660,-0.286291,0.882352,-0.000222,-0.000822,0.470590
1.320000,2.947113,4.629417,0.175152,-3.558082,2.258187,-0.303224,0.876961,-0.000208,-0.000808,0.480561
1.350000,2.839618,4.695951,0.165816,-3.608222,2.177430,-0.319184,0.871430,-0.000179,-0.000825,0.490519
1.380000,2.730654,4.760044,0.156017,-3.656054,2.095381,-0.334044,0.865805,-0.000137,-0.000814,0.500380
1.410000,2.620288,4.821657,0.145784,-3.701697,2.012199,-0.348161,0.860039,-0.000072,-0.000826,0.510227
1.440000,2.508584,4.880759,0.135144,-3.745223,1.927946,-0.361176,0.854194,0.000002,-0.000806,0.519954
1.470000,2.395608,4.937313,0.124129,-3.786543,1.842261,-0.373156,0.848209,0.000007,-0.000784,0.529661
1.500000,2.281422,4.991278,0.112772,-3.825827,1.755410,-0.383982,0.842133,0.000004,-0.000794,0.539270
1.530000,2.166091,5.042614,0.101106,-3.862914,1.667026,-0.393793,0.835913,-0.000013,-0.000772,0.548861
1.560000,2.049678,5.091286,0.089167,-3.897943,1.577792,-0.402133,0.829606,-0.000028,-0.000774,0.558348
1.590000,1.932248,5.137266,0.076994,-3.930763,1.487518,-0.409376,0.823151,-0.000055,-0.000744,0.567822
1.620000,1.813866,5.180527,0.064620,-3.961307,1.396574,-0.415541,0.816612,-0.000078,-0.000712,0.577186
1.650000,1.694604,5.221055,0.052083,-3.989506,1.305267,-0.420262,0.809945,-0.000085,-0.000627,0.586506
1.680000,1.574531,5.258839,0.039422,-4.015376,1.213680,-0.423852,0.803163,-0.000083,-0.000588,0.595759
1.710000,1.453720,5.293874,0.026668,-4.038710,1.121972,-0.426384,0.796266,-0.000066,-0.000502,0.604946
1.740000,1.332246,5.326162,0.013858,-4.059513,1.030564,-0.427647,0.789257,-0.000031,-0.000447,0.614062
1.770000,1.210186,5.355709,0.001024,-4.077845,0.939234,-0.427930,0.782121,0.000079,-0.000312,0.623126
1.800000,1.087616,5.382521,-0.011802,-4.093493,0.848264,-0.427146,0.774899,0.000239,-0.000218,0.632085
1.830000,0.964615,5.406612,-0.024591,-4.106549,0.757777,-0.425475,0.767552,0.000490,-0.000068,0.640986
1.860000,0.841263,5.427992,-0.037320,-4.116946,0.667547,-0.423063,0.759972,0.000837,0.000240,0.649956
1.890000,0.717641,5.446662,-0.049960,-4.124523,0.577138,-0.419612,0.752107,0.001277,0.000630,0.659039
1.920000,0.593829,5.462608,-0.062484,-4.129575,0.485903,-0.415315,0.744419,0.001500,0.000763,0.667711
1.950000,0.469896,5.475794,-0.074857,-4.132632,0.393178,-0.409602,0.736704,0.001565,0.000773,0.676213
1.980000,0.345891,5.486166,-0.087040,-4.134378,0.298285,-0.402571,0.728896,0.001598,0.000726,0.684622
2.010000,0.221858,5.493659,-0.098991,-4.134505,0.201237,-0.394175,0.720998,0.001607,0.000661,0.692934
2.040000,0.097839,5.498210,-0.110670,-4.133422,0.102203,-0.384408,0.713007,0.001596,0.000590,0.701155
2.070000,-0.026124,5.499766,-0.122041,-4.130764,0.001488,-0.373664,0.704940,0.001561,0.000521,0.709265
2.100000,-0.149986,5.498284,-0.133073,-4.126695,-0.100291,-0.361801,0.696893,0.001508,0.000430,0.717173
2.130000,-0.273707,5.493752,-0.143737,-4.121414,-0.201814,-0.349131,0.688949,0.001400,0.000115,0.724809
2.160000,-0.397252,5.486184,-0.154016,-4.114880,-0.302717,-0.336134,0.680821,0.001250,-0.000128,0.732449
2.190000,-0.520579,5.475602,-0.163896,-4.106932,-0.402753,-0.322508,0.672583,0.001084,-0.000321,0.740021
2.220000,-0.643642,5.462030,-0.173356,-4.097257,-0.502031,-0.308199,0.664260,0.000897,-0.000487,0.747500
2.250000,-0.766392,5.445495,-0.182378,-4.086107,-0.600327,-0.293290,0.655870,0.000681,-0.000621,0.754873
2.280000,-0.888787,5.426026,-0.190940,-4.073560,-0.697621,-0.277487,0.647351,0.000432,-0.000750,0.762192
2.310000,-1.010782,5.403655,-0.199014,-4.059429,-0.793751,-0.260749,0.638706,0.000082,-0.000850,0.769451
2.340000,-1.132334,5.378422,-0.206571,-4.044067,-0.888490,-0.243045,0.629929,-0.000025,-0.000935,0.776652
2.370000,-1.253401,5.350371,-0.213585,-4.027018,-0.981553,-0.224612,0.621103,-0.000162,-0.000945,0.783728
2.400000,-1.373933,5.319549,-0.220040,-4.008457,-1.073242,-0.205690,0.612149,-0.000208,-0.000936,0.790742
2.430000,-1.493879,5.286000,-0.225915,-3.987956,-1.163336,-0.185974,0.603180,-0.000314,-0.000915,0.797605
2.460000,-1.613182,5.249769,-0.231191,-3.965600,-1.252078,-0.165738,0.594082,-0.000382,-0.000884,0.804404
2.490000,-1.731786,5.210892,-0.235851,-3.941289,-1.339758,-0.144972,0.584925,-0.000464,-0.000823,0.811087
2.520000,-1.849623,5.169401,-0.239882,-3.914526,-1.426266,-0.123749,0.575686,-0.000524,-0.000759,0.817670
2.550000,-1.966620,5.125325,-0.243271,-3.885276,-1.512172,-0.102204,0.566336,-0.000579,-0.000677,0.824174
2.580000,-2.082698,5.078677,-0.246008,-3.853255,-1.597673,-0.080268,0.556954,-0.000626,-0.000574,0.830543
2.610000,-2.197779,5.029472,-0.248084,-3.818818,-1.682674,-0.058082,0.547450,-0.000669,-0.000495,0.836838
2.640000,-2.311791,4.977725,-0.249488,-3.781960,-1.767096,-0.035558,0.537919,-0.000716,-0.000416,0.842996
2.670000,-2.424660,4.923456,-0.250218,-3.742650,-1.850879,-0.013085,0.528282,-0.000757,-0.000340,0.849069
2.700000,-2.536316,4.866682,-0.250270,-3.701124,-1.934034,0.009617,0.518596,-0.000786,-0.000272,0.855019
2.730000,-2.646696,4.807426,-0.249643,-3.657482,-2.016360,0.032184,0.508833,-0.000816,-0.000199,0.860865
2.760000,-2.755733,4.745715,-0.248341,-3.611657,-2.097695,0.054587,0.499006,-0.000841,-0.000123,0.866598
2.790000,-2.863364,4.681579,-0.246369,-3.563746,-2.178041,0.076919,0.489108,-0.000857,-0.000050,0.872223
2.820000,-2.969526,4.615048,-0.243730,-3.513772,-2.257363,0.099001,0.479156,-0.000871,0.000018,0.877729
2.850000,-3.074163,4.546155,-0.240434,-3.461966,-2.335534,0.120708,0.469140,-0.000871,0.000080,0.883123
2.880000,-3.177216,4.474934,-0.236491,-3.408233,-2.412530,0.142181,0.459063,-0.000877,0.000145,0.888403
2.910000,-3.278627,4.401422,-0.231912,-3.352526,-2.488282,0.163080,0.448938,-0.000872,0.000199,0.893562
2.940000,-3.378341,4.325654,-0.226714,-3.295086,-2.562892,0.183452,0.438728,-0.000882,0.000244,0.898619
2.970000,-3.476304,4.247667,-0.220910,-3.235781,-2.636237,0.203479,0.428476,-0.000878,0.000268,0.903552
3.000000,-3.572459,4.167501,-0.214516,-3.174529,-2.708163,0.222788,0.418156,-0.000887,0.000291,0.908375
3.030000,-3.666751,4.085197,-0.207552,-3.111623,-2.778778,0.241509,0.407779,-0.000894,0.000315,0.913080
3.060000,-3.759130,4.000795,-0.200038,-3.047001,-2.848001,0.259379,0.397360,-0.000887,0.000336,0.917662
3.090000,-3.849549,3.914338,-0.192001,-2.980928,-2.915822,0.276474,0.386881,-0.000866,0.000354,0.922129
3.120000,-3.937961,3.825869,-0.183462,-2.913202,-2.982091,0.292785,0.376357,-0.000850,0.000381,0.926474
3.150000,-4.024319,3.735434,-0.174444,-2.843972,-3.046945,0.308395,0.365765,-0.000809,0.000405,0.930707
3.180000,-4.108577,3.643073,-0.164971,-2.773204,-3.110416,0.323135,0.355150,-0.000756,0.000427,0.934809
3.210000,-4.190687,3.548830,-0.155070,-2.700827,-3.172442,0.336943,0.344467,-0.000728,0.000447,0.938798
3.240000,-4.270602,3.452746,-0.144768,-2.626848,-3.233189,0.349849,0.333718,-0.000680,0.000471,0.942673
3.270000,-4.348272,3.354862,-0.134092,-2.551159,-3.292425,0.361879,0.322959,-0.000598,0.000513,0.946413
3.300000,-4.423651,3.255223,-0.123070,-2.474078,-3.350163,0.372954,0.312125,-0.000611,0.000511,0.950041
3.330000,-4.496701,3.153879,-0.111728,-2.395918,-3.406086,0.383150,0.301251,-0.000517,0.000547,0.953544
3.360000,-4.567388,3.050883,-0.100100,-2.316591,-3.460327,0.392089,0.290345,-0.000480,0.000567,0.956922
3.390000,-4.635679,2.946288,-0.088216,-2.236109,-3.512683,0.400126,0.279399,-0.000409,0.000590,0.960175
3.420000,-4.701538,2.840149,-0.076107,-2.154469,-3.563217,0.407132,0.268425,-0.000354,0.000608,0.963300
3.450000,-4.764931,2.732520,-0.063804,-2.071782,-3.612035,0.413128,0.257418,-0.000277,0.000641,0.966300
3.480000,-4.825829,2.623458,-0.051333,-1.988078,-3.658823,0.418256,0.246362,-0.000198,0.000678,0.969178
3.510000,-4.884201,2.513019,-0.038727,-1.903403,-3.703719,0.422129,0.235287,-0.000114,0.000709,0.971926
3.540000,-4.940017,2.401263,-0.026017,-1.817617,-3.746707,0.425190,0.224174,-0.000027,0.000737,0.974549
3.570000,-4.993245,2.288248,-0.013234,-1.730904,-3.787632,0.426999,0.213032,0.000061,0.000758,0.977045
3.600000,-5.043858,2.174033,-0.000410,-1.643333,-3.826669,0.427931,0.201857,0.000151,0.000776,0.979415
3.630000,-5.091829,2.058679,0.012426,-1.554726,-3.863632,0.427801,0.190666,0.000237,0.000775,0.981655
3.660000,-5.137126,1.942242,0.025241,-1.465091,-3.898815,0.426578,0.179441,0.000296,0.000764,0.983768
3.690000,-5.179721,1.824779,0.038002,-1.374543,-3.932093,0.424166,0.168196,0.000406,0.000771,0.985753
3.720000,-5.219587,1.706345,0.050675,-1.283220,-3.963491,0.420696,0.156912,0.000482,0.000792,0.987612
3.750000,-5.256705,1.586999,0.063229,-1.191288,-3.992893,0.416207,0.145611,0.000580,0.000803,0.989341
3.780000,-5.291057,1.466800,0.075629,-1.098860,-4.020350,0.410456,0.134300,0.000655,0.000812,0.990940
3.810000,-5.322629,1.345807,0.087839,-1.005956,-4.045909,0.403549,0.122941,0.000733,0.000805,0.992413
3.840000,-5.351409,1.224077,0.099826,-0.912723,-4.069375,0.395576,0.111585,0.000787,0.000787,0.993754
3.870000,-5.377391,1.101674,0.111561,-0.819384,-4.090817,0.386780,0.100104,0.000810,0.000747,0.994976
3.900000,-5.400570,0.978659,0.123014,-0.725859,-4.110179,0.376731,0.088844,0.000857,0.000723,0.996045
3.930000,-5.420936,0.855094,0.134150,-0.631912,-4.127546,0.365700,0.077363,0.000913,0.000722,0.997002
3.960000,-5.438481,0.731037,0.144938,-0.537727,-4.142918,0.353471,0.066035,0.000945,0.000663,0.997817
3.990000,-5.453199,0.606551,0.155340,-0.443455,-4.156103,0.340013,0.054564,0.000972,0.000615,0.998510
4.020000,-5.465088,0.481704,0.165323,-0.349160,-4.167078,0.325511,0.043112,0.001042,0.000420,0.999070
4.050000,-5.474150,0.356560,0.174853,-0.254986,-4.175802,0.309820,0.031624,0.001039,0.000230,0.999499
4.080000,-5.480389,0.231189,0.183899,-0.160977,-4.182310,0.293252,0.020173,0.001007,0.000093,0.999796
4.110000,-5.483812,0.105657,0.192435,-0.067196,-4.186493,0.275836,0.008769,0.001034,0.000014,0.999961
4.140000,-5.484418,-0.019965,0.200434,0.026781,-4.188284,0.257440,0.002635,-0.001017,0.000039,-0.999996
4.170000,-5.482207,-0.145609,0.207870,0.120605,-4.187956,0.238264,0.014053,-0.000990,0.000071,-0.999901
4.200000,-5.477180,-0.271204,0.214721,0.214556,-4.185089,0.218458,0.025487,-0.000969,0.000083,-0.999675
4.230000,-5.469336,-0.396676,0.220968,0.308398,-4.179709,0.198029,0.036840,-0.000904,0.000123,-0.999321
4.260000,-5.458678,-0.521950,0.226595,0.402109,-4.171909,0.177126,0.048266,-0.000894,0.000138,-0.998834
4.290000,-5.445210,-0.646953,0.231587,0.495792,-4.161620,0.155655,0.059617,-0.000847,0.000153,-0.998221
4.320000,-5.428932,-0.771613,0.235931,0.589374,-4.149025,0.133913,0.071018,-0.000829,0.000159,-0.997475
4.350000,-5.409849,-0.895861,0.239613,0.682819,-4.134201,0.111588,0.082371,-0.000784,0.000170,-0.996601
4.380000,-5.387964,-1.019629,0.242622,0.776193,-4.116948,0.089028,0.093731,-0.000756,0.000176,-0.995597
4.410000,-5.363281,-1.142844,0.244952,0.869308,-4.097410,0.066252,0.105076,-0.000712,0.000181,-0.994464
4.440000,-5.335811,-1.265441,0.246597,0.962030,-4.075687,0.043417,0.116406,-0.000688,0.000168,-0.993201
4.470000,-5.305565,-1.387351,0.247555,1.054387,-4.051686,0.020461,0.127776,-0.000666,0.000139,-0.991803
4.500000,-5.272556,-1.508511,0.247824,1.146218,-4.025649,-0.002529,0.139026,-0.000598,0.000121,-0.990289
4.530000,-5.236799,-1.628858,0.247407,1.237562,-3.997505,-0.025289,0.150333,-0.000582,0.000101,-0.988635
4.560000,-5.198313,-1.748329,0.246308,1.328163,-3.967215,-0.047916,0.161569,-0.000543,0.000098,-0.986861
4.590000,-5.157120,-1.866859,0.244532,1.418042,-3.934737,-0.070496,0.172850,-0.000532,0.000088,-0.984948
4.620000,-5.113242,-1.984381,0.242081,1.507170,-3.900121,-0.092940,0.184038,-0.000489,0.000081,-0.982919
4.650000,-5.066700,-2.100835,0.238961,1.595644,-3.863425,-0.115033,0.195310,-0.000477,0.000066,-0.980741
4.680000,-5.017515,-2.216160,0.235184,1.683350,-3.824904,-0.136753,0.206422,-0.000426,0.000055,-0.978463
4.710000,-4.965711,-2.330298,0.230763,1.770255,-3.784361,-0.158015,0.217631,-0.000401,0.000044,-0.976031
4.740000,-4.911311,-2.443189,0.225710,1.856402,-3.741658,-0.178819,0.228719,-0.000362,0.000023,-0.973492
4.770000,-4.854338,-2.554771,0.220043,1.941818,-3.697167,-0.199011,0.239856,-0.000319,-0.000014,-0.970808
4.800000,-4.794813,-2.664989,0.213778,2.026489,-3.650693,-0.218646,0.250919,-0.000292,-0.000047,-0.968008
4.830000,-4.732762,-2.773782,0.206937,2.110272,-3.602187,-0.237435,0.262035,-0.000262,-0.000089,-0.965058
4.860000,-4.668210,-2.881094,0.199542,2.193206,-3.551945,-0.255548,0.272940,-0.000225,-0.000098,-0.962031
4.890000,-4.601185,-2.986871,0.191614,2.275098,-3.499829,-0.272984,0.284003,-0.000189,-0.000098,-0.958823
4.920000,-4.531720,-3.091059,0.183175,2.355890,-3.446036,-0.289620,0.294826,-0.000159,-0.000105,-0.955551
4.950000,-4.459850,-3.193610,0.174252,2.435466,-3.390704,-0.305229,0.305765,-0.000110,-0.000115,-0.952107
4.980000,-4.385612,-3.294476,0.164873,2.513729,-3.333672,-0.320074,0.316587,-0.000079,-0.000122,-0.948563
5.010000,-4.309047,-3.393605,0.155063,2.590639,-3.274933,-0.333876,0.327413,-0.000044,-0.000127,-0.944881
5.040000,-4.230193,-3.490948,0.144853,2.666242,-3.214642,-0.346794,0.338180,-0.000009,-0.000132,-0.941082
5.070000,-4.149095,-3.586462,0.134270,2.740340,-3.152926,-0.358792,0.348909,0.000036,-0.000136,-0.937157
5.100000,-4.065795,-3.680098,0.123342,2.812953,-3.089522,-0.369737,0.359572,0.000071,-0.000143,-0.933117
5.130000,-3.980343,-3.771814,0.112100,2.883887,-3.024853,-0.379680,0.370222,0.000110,-0.000167,-0.928943
5.160000,-3.892788,-3.861569,0.100577,2.953121,-2.958781,-0.388528,0.380862,0.000130,-0.000216,-0.924632
5.190000,-3.803182,-3.949321,0.088805,3.020611,-2.891348,-0.396289,0.391325,0.000221,-0.000217,-0.920253
5.220000,-3.711580,-4.035035,0.076815,3.086157,-2.822923,-0.403032,0.401888,0.000312,-0.000189,-0.915689
5.250000,-3.618039,-4.118677,0.064642,3.149934,-2.753263,-0.408547,0.412213,0.000300,-0.000156,-0.911087
5.280000,-3.522610,-4.200210,0.052319,3.211951,-2.682266,-0.412970,0.422626,0.000368,-0.000121,-0.906304
5.310000,-3.425347,-4.279594,0.039881,3.272285,-2.609998,-0.416221,0.432917,0.000390,-0.000094,-0.901434
5.340000,-3.326300,-4.356792,0.027365,3.330822,-2.536532,-0.418158,0.443140,0.000443,-0.000040,-0.896453
5.370000,-3.225527,-4.431765,0.014811,3.387414,-2.461623,-0.418811,0.453329,0.000480,0.000015,-0.891343
5.400000,-3.123085,-4.504472,0.002256,3.442007,-2.385537,-0.418180,0.463442,0.000526,0.000089,-0.886127
5.430000,-3.019031,-4.574879,-0.010263,3.494971,-2.308233,-0.416381,0.473503,0.000561,0.000186,-0.880792
5.460000,-2.913416,-4.642947,-0.022711,3.546042,-2.229664,-0.413495,0.483506,0.000591,0.000281,-0.875341
5.490000,-2.806296,-4.708642,-0.035056,3.595263,-2.149987,-0.409539,0.493438,0.000647,0.000376,-0.869781
5.520000,-2.697728,-4.771928,-0.047268,3.642569,-2.069072,-0.404578,0.503312,0.000713,0.000473,-0.864104
5.550000,-2.587773,-4.832769,-0.059313,3.687783,-1.986986,-0.398416,0.513113,0.000777,0.000577,-0.858320
5.580000,-2.476492,-4.891133,-0.071158,3.730956,-1.904007,-0.391258,0.522852,0.000836,0.000701,-0.852423
5.610000,-2.363945,-4.946995,-0.082774,3.772149,-1.820084,-0.383150,0.532523,0.000913,0.000812,-0.846415
5.640000,-2.250197,-5.000325,-0.094131,3.811054,-1.735238,-0.373993,0.542125,0.001003,0.000925,-0.840297
5.670000,-2.135315,-5.051094,-0.105197,3.847771,-1.649407,-0.363725,0.551643,0.001101,0.001036,-0.834079
5.700000,-2.019363,-5.099281,-0.115941,3.882348,-1.563047,-0.352565,0.561095,0.001200,0.001142,-0.827750
5.730000,-1.902410,-5.144863,-0.126335,3.914540,-1.475744,-0.340368,0.570468,0.001299,0.001242,-0.821318
5.760000,-1.784525,-5.187816,-0.136350,3.944486,-1.387797,-0.327263,0.579765,0.001409,0.001343,-0.814781
5.790000,-1.665775,-5.228119,-0.145959,3.972142,-1.299090,-0.313373,0.588982,0.001511,0.001443,-0.808143
5.820000,-1.546230,-5.265753,-0.155140,3.997543,-1.209821,-0.298685,0.598134,0.001629,0.001539,-0.801392
5.850000,-1.425957,-5.300698,-0.163867,4.020632,-1.119844,-0.283070,0.607198,0.001741,0.001617,-0.794546
5.880000,-1.305027,-5.332932,-0.172110,4.041405,-1.029081,-0.266513,0.616182,0.001852,0.001690,-0.787599
5.910000,-1.183505,-5.362431,-0.179848,4.060049,-0.937529,-0.249300,0.625087,0.001962,0.001759,-0.780549
5.940000,-1.061456,-5.389171,-0.187055,4.076552,-0.845143,-0.231226,0.633903,0.002068,0.001837,-0.773406
5.970000,-0.938940,-5.413129,-0.193712,4.091152,-0.752032,-0.212572,0.642630,0.002182,0.001948,-0.766168
6.000000,-0.816017,-5.434277,-0.199801,4.103720,-0.657881,-0.193332,0.651304,0.002208,0.002109,-0.758807
6.030000,-0.692743,-5.452591,-0.205302,4.114537,-0.562996,-0.173401,0.659860,0.002267,0.002312,-0.751377
6.060000,-0.569172,-5.468041,-0.210198,4.123537,-0.467060,-0.153029,0.668334,0.002264,0.002570,-0.743847
6.090000,-0.445354,-5.480603,-0.214474,4.130992,-0.370403,-0.132040,0.676687,0.002295,0.002870,-0.736254
6.120000,-0.321335,-5.490256,-0.218113,4.136989,-0.273127,-0.110529,0.684920,0.002425,0.003193,-0.728598
6.150000,-0.197158,-5.496987,-0.221100,4.141464,-0.175556,-0.088592,0.693202,0.002474,0.003420,-0.720721
6.180000,-0.072877,-5.500790,-0.223422,4.143924,-0.078013,-0.066198,0.701422,0.002548,0.003645,-0.712722
6.210000,0.051452,-5.501677,-0.225070,4.144687,0.018862,-0.043710,0.709550,0.002631,0.003724,-0.704630
6.240000,0.175774,-5.499666,-0.226041,4.143451,0.115212,-0.021023,0.717609,0.002742,0.003836,-0.696421
6.270000,0.300028,-5.494769,-0.226329,4.140157,0.211264,0.001839,0.725602,0.002889,0.003980,-0.688089
6.300000,0.424156,-5.486996,-0.225932,4.135025,0.306945,0.024626,0.733531,0.003015,0.004056,-0.679630
6.330000,0.548099,-5.476359,-0.224850,4.127814,0.402216,0.047502,0.741408,0.003130,0.004143,-0.671027
6.360000,0.671794,-5.462872,-0.223086,4.118526,0.496898,0.070130,0.749125,0.003247,0.004239,-0.662402
6.390000,0.795180,-5.446552,-0.220643,4.107252,0.591094,0.092710,0.756732,0.003352,0.004317,-0.653699
6.420000,0.918198,-5.427411,-0.217528,4.093909,0.684972,0.114931,0.764169,0.003451,0.004360,-0.644990
6.450000,1.040781,-5.405460,-0.213753,4.078287,0.778447,0.136785,0.771517,0.003553,0.004420,-0.636182
6.480000,1.162862,-5.380710,-0.209326,4.060485,0.871538,0.158349,0.778742,0.003656,0.004440,-0.627317
6.510000,1.284375,-5.353177,-0.204261,4.040335,0.964015,0.179308,0.785869,0.003771,0.004469,-0.618365
6.540000,1.405249,-5.322876,-0.198571,4.017986,1.056006,0.200000,0.792886,0.003895,0.004442,-0.609341
6.570000,1.525419,-5.289822,-0.192272,3.993331,1.147618,0.219925,0.799785,0.004024,0.004407,-0.600257
6.600000,1.644814,-5.254029,-0.185385,3.966337,1.238603,0.239260,0.806572,0.004146,0.004321,-0.591106
6.630000,1.763363,-5.215516,-0.177928,3.936916,1.328890,0.257829,0.813263,0.004272,0.004302,-0.581865
6.660000,1.880999,-5.174304,-0.169927,3.905448,1.418611,0.275565,0.819828,0.004357,0.004133,-0.572578
6.690000,1.997656,-5.130406,-0.161405,3.871726,1.507886,0.292590,0.826306,0.004440,0.004180,-0.563189
6.720000,2.113273,-5.083843,-0.152389,3.836053,1.596337,0.308450,0.832645,0.004455,0.004053,-0.553775
6.750000,2.227788,-5.034639,-0.142914,3.798269,1.683918,0.323227,0.838920,0.004543,0.004060,-0.544221
6.780000,2.341142,-4.982820,-0.133011,3.758683,1.770700,0.336973,0.845061,0.004604,0.003937,-0.534635
6.810000,2.453277,-4.928408,-0.122712,3.716978,1.856728,0.349615,0.851081,0.004750,0.003865,-0.524998
6.840000,2.564132,-4.871431,-0.112051,3.673367,1.941770,0.361169,0.856977,0.004811,0.003703,-0.515319
6.870000,2.673650,-4.811914,-0.101057,3.627866,2.026042,0.371731,0.862776,0.004916,0.003602,-0.505549
6.900000,2.781778,-4.749884,-0.089765,3.580617,2.109303,0.381083,0.868460,0.004910,0.003433,-0.495723
6.930000,2.888461,-4.685369,-0.078216,3.531599,2.191674,0.388869,0.874036,0.004913,0.003323,-0.485825
6.960000,2.993648,-4.618400,-0.066449,3.480845,2.272944,0.395553,0.879496,0.004852,0.003163,-0.475871
6.990000,3.097285,-4.549003,-0.054504,3.428308,2.353525,0.400833,0.884840,0.004780,0.003041,-0.465861
7.020000,3.199316,-4.477202,-0.042418,3.373756,2.433184,0.404839,0.890065,0.004652,0.002954,-0.455801
7.050000,3.299683,-4.403023,-0.030233,3.317360,2.512086,0.407536,0.895196,0.004590,0.002693,-0.445641
7.080000,3.398333,-4.326490,-0.017982,3.259334,2.590112,0.409199,0.900179,0.004567,0.002563,-0.435488
7.110000,3.495217,-4.247638,-0.005699,3.199591,2.666719,0.409683,0.905083,0.004488,0.002319,-0.425206
7.140000,3.590283,-4.166502,0.006583,3.138138,2.742299,0.409116,0.909813,0.004407,0.002129,-0.414990
7.170000,3.683484,-4.083123,0.018834,3.075306,2.816321,0.407580,0.914494,0.004386,0.001858,-0.404572
7.200000,3.774782,-3.997547,0.031030,3.011195,2.888718,0.405508,0.918980,0.004325,0.001648,-0.394277
7.230000,3.864140,-3.909827,0.043157,2.946016,2.959314,0.402948,0.923395,0.004295,0.001531,-0.383824
7.260000,3.951525,-3.820019,0.055198,2.879652,3.027849,0.399785,0.927655,0.004284,0.001139,-0.373413
7.290000,4.036900,-3.728184,0.067136,2.812002,3.094548,0.396072,0.931842,0.004233,0.000911,-0.362838
7.320000,4.120227,-3.634374,0.078954,2.743140,3.159445,0.391777,0.935871,0.004111,0.000623,-0.352319
7.350000,4.201468,-3.538640,0.090636,2.672899,3.222815,0.387040,0.939806,0.003918,0.000589,-0.341684
7.380000,4.280582,-3.441032,0.102164,2.601403,3.284339,0.381521,0.943602,0.003839,0.000129,-0.331059
7.410000,4.357531,-3.341604,0.113511,2.528529,3.344245,0.374899,0.947302,0.003831,-0.000057,-0.320320
7.440000,4.432279,-3.240406,0.124647,2.454656,3.402282,0.367549,0.950854,0.003758,-0.000351,-0.309617
7.470000,4.504793,-3.137498,0.135545,2.379615,3.458230,0.358990,0.954299,0.003753,-0.000630,-0.298829
7.500000,4.575039,-3.032943,0.146169,2.303448,3.512091,0.349254,0.957610,0.003734,-0.000964,-0.288041
7.530000,4.642980,-2.926804,0.156478,2.225971,3.563876,0.338030,0.960808,0.003714,-0.001239,-0.277187
7.560000,4.708580,-2.819144,0.166427,2.147362,3.613438,0.325192,0.963856,0.003675,-0.001536,-0.266395
7.590000,4.771803,-2.710033,0.175969,2.067482,3.660605,0.310957,0.966819,0.003603,-0.001814,-0.255431
7.620000,4.832607,-2.599540,0.185062,1.986155,3.705607,0.295250,0.969643,0.003452,-0.002087,-0.244490
7.650000,4.890952,-2.487730,0.193660,1.903504,3.748425,0.277949,0.972359,0.003129,-0.002431,-0.233458
7.680000,4.946797,-2.374667,0.201717,1.819487,3.789080,0.259182,0.974925,0.002973,-0.002595,-0.222501
7.710000,5.000101,-2.260417,0.209194,1.734064,3.827613,0.239289,0.977387,0.002776,-0.002829,-0.211422
7.740000,5.050822,-2.145042,0.216062,1.647348,3.864029,0.218586,0.979713,0.002573,-0.002989,-0.200369
7.770000,5.098925,-2.028606,0.222299,1.559526,3.898415,0.197241,0.981924,0.002270,-0.003095,-0.189239
7.800000,5.144376,-1.911169,0.227891,1.470578,3.930716,0.175512,0.984006,0.001849,-0.003062,-0.178097
7.830000,5.187146,-1.792792,0.232837,1.380728,3.961028,0.154223,0.985970,0.001189,-0.002841,-0.166892
7.860000,5.227212,-1.673535,0.237160,1.290322,3.989432,0.133981,0.987811,0.000065,-0.002399,-0.155638
7.890000,5.264557,-1.553455,0.240891,1.199363,4.015925,0.114742,0.989530,-0.000830,-0.002319,-0.144308
7.920000,5.299166,-1.432613,0.244047,1.107891,4.040236,0.095706,0.991094,-0.001180,-0.002469,-0.133136
7.950000,5.331022,-1.311074,0.246624,1.015833,4.062313,0.076071,0.992560,-0.001597,-0.002509,-0.121723
7.980000,5.360111,-1.188908,0.248603,0.923430,4.082098,0.055875,0.993883,-0.001986,-0.002724,-0.110390
8.010000,5.386416,-1.066177,0.249969,0.830265,4.099985,0.035147,0.995079,-0.002155,-0.002740,-0.099020
8.040000,5.409922,-0.942941,0.250703,0.736832,4.115723,0.013846,0.996146,-0.002327,-0.002826,-0.087638
8.070000,5.430622,-0.819264,0.250792,0.643129,4.129441,-0.007930,0.997082,-0.002357,-0.002837,-0.076253
8.100000,5.448506,-0.695209,0.250224,0.549155,4.140884,-0.029958,0.997886,-0.002352,-0.002804,-0.064888
8.130000,5.463566,-0.570840,0.248994,0.454831,4.150375,-0.052028,0.998560,-0.002247,-0.002783,-0.053525
8.160000,5.475790,-0.446219,0.247106,0.360116,4.157701,-0.073834,0.999108,-0.002120,-0.002664,-0.042094
8.190000,5.485167,-0.321409,0.244568,0.265010,4.162995,-0.095362,0.999524,-0.002031,-0.002608,-0.030678
8.220000,5.491685,-0.196471,0.241390,0.169503,4.166185,-0.116542,0.999809,-0.001971,-0.002565,-0.019252
8.250000,5.495333,-0.071467,0.237580,0.073691,4.167441,-0.137430,0.999964,-0.001920,-0.002521,-0.007822
8.280000,5.496105,0.053544,0.233149,-0.022229,4.166605,-0.157981,0.999989,-0.001864,-0.002482,0.003607
8.310000,5.493995,0.178496,0.228107,-0.118381,4.163536,-0.178156,0.999882,-0.001788,-0.002443,0.015044
8.340000,5.489002,0.303325,0.222465,-0.214487,4.158371,-0.197989,0.999645,-0.001663,-0.002441,0.026488
8.370000,5.481124,0.427967,0.216233,-0.310736,4.151089,-0.217427,0.999278,-0.001606,-0.002384,0.037896
8.400000,5.470362,0.552359,0.209422,-0.406755,4.141732,-0.236683,0.998778,-0.001523,-0.002356,0.049345
8.430000,5.456725,0.676441,0.202040,-0.502323,4.130406,-0.255453,0.998147,-0.001468,-0.002296,0.060782
8.460000,5.440226,0.800155,0.194103,-0.597671,4.117179,-0.273650,0.997387,-0.001445,-0.002241,0.072200
8.490000,5.420873,0.923442,0.185632,-0.692513,4.101978,-0.291089,0.996493,-0.001352,-0.002165,0.083642
8.520000,5.398681,1.046245,0.176646,-0.786926,4.084871,-0.308015,0.995470,-0.001233,-0.002143,0.095049
8.550000,5.373668,1.168505,0.167162,-0.880631,4.065803,-0.324238,0.994317,-0.001044,-0.002102,0.106434
8.580000,5.345852,1.290166,0.157207,-0.973745,4.044905,-0.339406,0.993032,-0.001000,-0.002018,0.117821
8.610000,5.315251,1.411168,0.146812,-1.066307,4.021920,-0.353608,0.991621,-0.000922,-0.001953,0.129163
8.640000,5.281882,1.531452,0.136006,-1.158349,3.997033,-0.366795,0.990074,-0.000890,-0.001925,0.140534
8.670000,5.245759,1.650958,0.124817,-1.249800,3.970035,-0.379135,0.988401,-0.000879,-0.001891,0.151853
8.700000,5.206901,1.769628,0.113273,-1.340741,3.941275,-0.390440,0.986596,-0.000842,-0.001866,0.163167
8.730000,5.165326,1.887405,0.101407,-1.430936,3.910492,-0.400669,0.984667,-0.000737,-0.001828,0.174436
8.760000,5.121057,2.004227,0.089253,-1.520345,3.877691,-0.409608,0.982606,-0.000658,-0.001777,0.185695
8.790000,5.074116,2.120036,0.076848,-1.609075,3.842877,-0.417355,0.980416,-0.000555,-0.001710,0.196929
8.820000,5.024523,2.234767,0.064230,-1.697102,3.805894,-0.423828,0.978098,-0.000542,-0.001642,0.208138
8.850000,4.972297,2.348361,0.051437,-1.784598,3.766999,-0.429090,0.975650,-0.000534,-0.001626,0.219325
8.880000,4.917459,2.460755,0.038500,-1.871309,3.725940,-0.433342,0.973072,-0.000547,-0.001596,0.230496
8.910000,4.860028,2.571888,0.025454,-1.957429,3.682926,-0.436391,0.970378,-0.000568,-0.001553,0.241585
8.940000,4.800026,2.681703,0.012334,-2.042697,3.638080,-0.438296,0.967547,-0.000579,-0.001529,0.252687
8.970000,4.737480,2.790141,-0.000830,-2.127006,3.591134,-0.439314,0.964598,-0.000594,-0.001483,0.263718
9.000000,4.672420,2.897144,-0.014005,-2.210364,3.542396,-0.439022,0.961515,-0.000587,-0.001461,0.274749
9.030000,4.604872,3.002656,-0.027157,-2.292859,3.491764,-0.437772,0.958319,-0.000584,-0.001362,0.285698
9.060000,4.534867,3.106623,-0.040254,-2.374121,3.439371,-0.435347,0.954992,-0.000598,-0.001346,0.296629
9.090000,4.462440,3.208993,-0.053263,-2.454317,3.385294,-0.431918,0.951539,-0.000604,-0.001292,0.307524
9.120000,4.387626,3.309715,-0.066156,-2.533266,3.329449,-0.427603,0.947968,-0.000571,-0.001270,0.318362
9.150000,4.310462,3.408734,-0.078902,-2.611038,3.271862,-0.422117,0.944266,-0.000563,-0.001206,0.329180
9.180000,4.230984,3.506005,-0.091469,-2.687507,3.212861,-0.415738,0.940458,-0.000600,-0.001161,0.339907
9.210000,4.149234,3.601480,-0.103828,-2.762466,3.152114,-0.408183,0.936516,-0.000606,-0.001132,0.350623
9.240000,4.065256,3.695109,-0.115947,-2.836059,3.089806,-0.399759,0.932466,-0.000623,-0.001094,0.361255
9.270000,3.979095,3.786844,-0.127796,-2.908041,3.025867,-0.390147,0.928279,-0.000617,-0.001081,0.371882
9.300000,3.890797,3.876638,-0.139341,-2.978499,2.960405,-0.379485,0.923993,-0.000603,-0.001044,0.382407
9.330000,3.800412,3.964447,-0.150552,-3.047141,2.893523,-0.367967,0.919571,-0.000577,-0.001006,0.392922
9.360000,3.707995,4.050225,-0.161401,-3.113985,2.825060,-0.355299,0.915052,-0.000568,-0.000971,0.403334
9.390000,3.613598,4.133928,-0.171854,-3.179154,2.755117,-0.341521,0.910403,-0.000553,-0.000924,0.413721
9.420000,3.517277,4.215508,-0.181878,-3.242277,2.683551,-0.326776,0.905647,-0.000541,-0.000898,0.424030
9.450000,3.419090,4.294923,-0.191441,-3.303509,2.610754,-0.310741,0.900776,-0.000525,-0.000843,0.434282
9.480000,3.319098,4.372128,-0.200505,-3.362594,2.536245,-0.293520,0.895788,-0.000501,-0.000836,0.444481
9.510000,3.217363,4.447076,-0.209037,-3.419744,2.460307,-0.275269,0.890681,-0.000494,-0.000818,0.454627
9.540000,3.113943,4.519725,-0.217009,-3.474928,2.382944,-0.256212,0.885459,-0.000491,-0.000808,0.464717
9.570000,3.008899,4.590033,-0.224395,-3.528004,2.304251,-0.236234,0.880122,-0.000486,-0.000784,0.474747
9.600000,2.902293,4.657957,-0.231171,-3.579105,2.224043,-0.215442,0.874668,-0.000471,-0.000770,0.484722
9.630000,2.794183,4.723456,-0.237310,-3.628174,2.142563,-0.193866,0.869100,-0.000448,-0.000745,0.494635
9.660000,2.684635,4.786494,-0.242791,-3.675078,2.059933,-0.171492,0.863413,-0.000407,-0.000729,0.504498
9.690000,2.573710,4.847033,-0.247595,-3.719921,1.976022,-0.148777,0.857606,-0.000318,-0.000708,0.514306
9.720000,2.461474,4.905037,-0.251710,-3.762486,1.890947,-0.125583,0.851694,-0.000270,-0.000644,0.524038
9.750000,2.347991,4.960470,-0.255121,-3.803012,1.804543,-0.101825,0.845669,-0.000290,-0.000609,0.533707
9.780000,2.233323,5.013290,-0.257816,-3.841551,1.716838,-0.077816,0.839524,-0.000322,-0.000595,0.543322
9.810000,2.117529,5.063463,-0.259783,-3.878047,1.627988,-0.053353,0.833269,-0.000360,-0.000533,0.552868
9.840000,2.000671,5.110955,-0.261013,-3.912486,1.538123,-0.028602,0.826897,-0.000397,-0.000506,0.562354
9.870000,1.882813,5.155739,-0.261500,-3.944704,1.447532,-0.003922,0.820404,-0.000438,-0.000425,0.571784
9.900000,1.764021,5.197799,-0.261246,-3.974741,1.356448,0.020884,0.813803,-0.000465,-0.000317,0.581141
9.930000,1.644362,5.237122,-0.260247,-4.002519,1.265051,0.045722,0.807083,-0.000481,-0.000273,0.590438
9.960000,1.523910,5.273702,-0.258504,-4.027645,1.173617,0.070507,0.800265,-0.000467,-0.000129,0.599646
9.990000,1.402743,5.307540,-0.256021,-4.050119,1.082291,0.094962,0.793316,-0.000443,-0.000072,0.608810
10.020000,1.280941,5.338641,-0.252812,-4.070032,0.991104,0.119011,0.786266,-0.000374,0.000071,0.617888
10.050000,1.158583,5.367014,-0.248891,-4.087167,0.900425,0.142390,0.779079,-0.000189,0.000240,0.626925
10.080000,1.035749,5.392674,-0.244281,-4.101746,0.810209,0.164954,0.771794,0.000112,0.000417,0.635872
10.110000,0.912521,5.415633,-0.239010,-4.113444,0.720426,0.186407,0.764321,0.000545,0.000681,0.644835
10.140000,0.788984,5.435899,-0.233115,-4.122362,0.630628,0.206638,0.756514,0.001094,0.001211,0.653976
10.170000,0.665231,5.453468,-0.226631,-4.127870,0.540665,0.225595,0.748508,0.001718,0.001587,0.663122
10.200000,0.541343,5.468314,-0.219589,-4.131302,0.449082,0.243901,0.741172,0.001613,0.001466,0.671311
10.230000,0.417368,5.480371,-0.212003,-4.133732,0.354706,0.261825,0.733394,0.001584,0.001381,0.679801
10.260000,0.293338,5.489561,-0.203888,-4.134916,0.257952,0.279148,0.725571,0.001547,0.001262,0.688145
10.290000,0.169295,5.495814,-0.195262,-4.134626,0.158872,0.295944,0.717643,0.001489,0.001138,0.696409
10.320000,0.045277,5.499064,-0.186141,-4.133210,0.057815,0.312127,0.709628,0.001406,0.001002,0.704574
10.350000,-0.078674,5.499266,-0.176546,-4.130210,-0.044361,0.327550,0.701572,0.001296,0.000838,0.712597
10.380000,-0.202519,5.496404,-0.166504,-4.126149,-0.146418,0.341907,0.693713,0.001176,0.000538,0.720250
10.410000,-0.326223,5.490490,-0.156050,-4.120786,-0.247841,0.355038,0.685654,0.001024,0.000321,0.727927
10.440000,-0.449742,5.481547,-0.145219,-4.113797,-0.348337,0.367009,0.677480,0.000858,0.000143,0.735541
10.470000,-0.573027,5.469604,-0.134043,-4.105189,-0.447886,0.378048,0.669215,0.000686,-0.000006,0.743068
10.500000,-0.696028,5.454691,-0.122551,-4.094926,-0.546322,0.388080,0.660879,0.000496,-0.000125,0.750492
10.530000,-0.818702,5.436839,-0.110769,-4.083335,-0.643773,0.397401,0.652415,0.000343,-0.000243,0.757862
10.560000,-0.941003,5.416083,-0.098722,-4.070011,-0.740000,0.405741,0.643828,0.000164,-0.000359,0.765170
10.590000,-1.062882,5.392460,-0.086432,-4.055289,-0.834855,0.413603,0.635175,-0.000106,-0.000451,0.772368
10.620000,-1.184295,5.366014,-0.073918,-4.038928,-0.928223,0.420605,0.626355,-0.000187,-0.000542,0.779538
10.650000,-1.305194,5.336790,-0.061212,-4.020986,-1.020048,0.426518,0.617442,-0.000198,-0.000587,0.786616
10.680000,-1.425529,5.304832,-0.048342,-4.001324,-1.110443,0.431467,0.608496,-0.000243,-0.000580,0.793557
10.710000,-1.545245,5.270186,-0.035337,-3.979796,-1.199349,0.435520,0.599460,-0.000290,-0.000580,0.800404
10.740000,-1.664285,5.232891,-0.022227,-3.956146,-1.286985,0.438473,0.590346,-0.000330,-0.000556,0.807150
10.770000,-1.782584,5.192982,-0.009049,-3.930491,-1.373591,0.440082,0.581137,-0.000367,-0.000510,0.813805
10.800000,-1.900078,5.150487,0.004162,-3.902427,-1.459429,0.440672,0.571864,-0.000405,-0.000461,0.820348
10.830000,-2.016691,5.105423,0.017369,-3.871776,-1.544784,0.439772,0.562482,-0.000439,-0.000510,0.826809
10.860000,-2.132346,5.057808,0.030528,-3.838569,-1.629573,0.437462,0.553014,-0.000478,-0.000515,0.833172
10.890000,-2.246970,5.007652,0.043600,-3.802992,-1.714170,0.434018,0.543509,-0.000529,-0.000486,0.839403
10.920000,-2.360488,4.954966,0.056548,-3.764921,-1.798220,0.429176,0.533912,-0.000569,-0.000448,0.845540
10.950000,-2.472833,4.899767,0.069335,-3.724726,-1.881731,0.423302,0.524258,-0.000607,-0.000396,0.851559
10.980000,-2.583937,4.842072,0.081925,-3.682198,-1.964580,0.416060,0.514520,-0.000644,-0.000336,0.857478
11.010000,-2.693729,4.781903,0.094282,-3.637296,-2.046710,0.407744,0.504723,-0.000664,-0.000275,0.863281
11.040000,-2.802145,4.719284,0.106371,-3.590397,-2.127860,0.398149,0.494857,-0.000697,-0.000209,0.868974
11.070000,-2.909123,4.654242,0.118157,-3.541495,-2.208281,0.387573,0.484928,-0.000713,-0.000142,0.874554
11.100000,-3.014606,4.586804,0.129610,-3.490714,-2.287577,0.376011,0.474945,-0.000725,-0.000077,0.880015
11.130000,-3.118537,4.517003,0.140698,-3.437984,-2.365816,0.363148,0.464894,-0.000726,-0.000009,0.885366
11.160000,-3.220855,4.444873,0.151383,-3.383223,-2.442894,0.349212,0.454800,-0.000719,0.000061,0.890593
11.190000,-3.321501,4.370449,0.161635,-3.326545,-2.518704,0.334246,0.444625,-0.000738,0.000114,0.895716
11.220000,-3.420423,4.293770,0.171423,-3.268267,-2.593221,0.318292,0.434404,-0.000741,0.000149,0.900718
11.250000,-3.517572,4.214877,0.180719,-3.208270,-2.666284,0.301406,0.424127,-0.000735,0.000186,0.905602
11.280000,-3.612892,4.133812,0.189495,-3.146450,-2.738080,0.283672,0.413755,-0.000758,0.000199,0.910388
11.310000,-3.706333,4.050615,0.197727,-3.082963,-2.808362,0.265132,0.403370,-0.000771,0.000222,0.915037
11.340000,-3.797844,3.965331,0.205391,-3.017727,-2.877250,0.245805,0.392914,-0.000765,0.000242,0.919575
11.370000,-3.887377,3.878003,0.212464,-2.951143,-2.944603,0.225710,0.382420,-0.000753,0.000266,0.923988
11.400000,-3.974888,3.788677,0.218923,-2.882938,-3.010471,0.204926,0.371857,-0.000728,0.000297,0.928290
11.430000,-4.060331,3.697397,0.224750,-2.813246,-3.074891,0.183531,0.361266,-0.000690,0.000320,0.932462
11.460000,-4.143658,3.604207,0.229926,-2.741877,-3.137752,0.161524,0.350616,-0.000636,0.000355,0.936519
11.490000,-4.224820,3.509154,0.234436,-2.668972,-3.199143,0.139124,0.339885,-0.000597,0.000393,0.940467
11.520000,-4.303772,3.412278,0.238267,-2.594477,-3.259210,0.116293,0.329169,-0.000536,0.000440,0.944271
11.550000,-4.380468,3.313625,0.241408,-2.518587,-3.317674,0.093122,0.318363,-0.000454,0.000481,0.947969
11.580000,-4.454865,3.213242,0.243852,-2.441185,-3.374559,0.069786,0.307544,-0.000426,0.000511,0.951534
11.610000,-4.526922,3.111177,0.245597,-2.362604,-3.429734,0.046558,0.296655,-0.000350,0.000547,0.954984
11.640000,-4.596600,3.007485,0.246644,-2.282645,-3.483079,0.023225,0.285739,-0.000289,0.000589,0.958307
11.670000,-4.663864,2.902219,0.246994,-2.201572,-3.534678,0.000130,0.274780,-0.000211,0.000626,0.961507
11.700000,-4.728677,2.795431,0.246653,-2.119343,-3.584496,-0.022888,0.263785,-0.000147,0.000676,0.964581
11.730000,-4.791008,2.687178,0.245626,-2.036062,-3.632386,-0.045544,0.252764,-0.000045,0.000720,0.967528
11.760000,-4.850827,2.577515,0.243924,-1.951883,-3.678461,-0.067944,0.241691,0.000037,0.000757,0.970353
11.790000,-4.908105,2.466499,0.241553,-1.866597,-3.722642,-0.090111,0.230609,0.000132,0.000783,0.973046
11.820000,-4.962809,2.354186,0.238521,-1.780360,-3.764831,-0.111991,0.219474,0.000227,0.000808,0.975618
11.850000,-5.014914,2.240637,0.234841,-1.693305,-3.805100,-0.133378,0.208328,0.000312,0.000823,0.978059
11.880000,-5.064392,2.125911,0.230524,-1.605194,-3.843355,-0.154386,0.197151,0.000407,0.000833,0.980373
11.910000,-5.111211,2.010066,0.225586,-1.516107,-3.879601,-0.174860,0.185939,0.000488,0.000840,0.982561
11.940000,-5.155345,1.893164,0.220039,-1.426174,-3.913913,-0.194926,0.174701,0.000572,0.000824,0.984621
11.970000,-5.196771,1.775260,0.213898,-1.335540,-3.946340,-0.214442,0.163439,0.000669,0.000826,0.986553
12.000000,-5.235468,1.656412,0.207181,-1.244296,-3.976826,-0.233413,0.152151,0.000754,0.000833,0.988357
12.030000,-5.271420,1.536677,0.199901,-1.152453,-4.005495,-0.251903,0.140839,0.000837,0.000836,0.990032
12.060000,-5.304605,1.416114,0.192076,-1.059912,-4.032046,-0.269739,0.129513,0.000922,0.000824,0.991577
12.090000,-5.335011,1.294781,0.183729,-0.967112,-4.056815,-0.286771,0.118152,0.000984,0.000811,0.992995
12.120000,-5.362625,1.172736,0.174880,-0.873885,-4.079540,-0.303129,0.106766,0.001044,0.000780,0.994283
12.150000,-5.387440,1.050042,0.165552,-0.780438,-4.100063,-0.318766,0.095344,0.001088,0.000759,0.995444
12.180000,-5.409449,0.926762,0.155768,-0.686812,-4.118624,-0.333466,0.084003,0.001138,0.000732,0.996465
12.210000,-5.428646,0.802956,0.145557,-0.592974,-4.135060,-0.347269,0.072572,0.001180,0.000708,0.997362
12.240000,-5.445025,0.678690,0.134946,-0.498962,-4.149344,-0.360165,0.061195,0.001222,0.000639,0.998125
12.270000,-5.458583,0.554027,0.123963,-0.404941,-4.161540,-0.371987,0.049754,0.001241,0.000568,0.998761
12.300000,-5.469323,0.429032,0.112640,-0.311026,-4.171451,-0.382912,0.038285,0.001314,0.000367,0.999266
12.330000,-5.477246,0.303774,0.101002,-0.217208,-4.179108,-0.392956,0.026793,0.001301,0.000166,0.999640
12.360000,-5.482355,0.178321,0.089080,-0.123374,-4.184452,-0.401819,0.015404,0.001280,0.000064,0.999881
12.390000,-5.484649,0.052741,0.076908,-0.029564,-4.187547,-0.409676,0.003977,0.001291,0.000003,0.999991
12.420000,-5.484126,-0.072899,0.064516,0.064424,-4.188448,-0.416416,0.007430,-0.001263,0.000042,-0.999972
12.450000,-5.480781,-0.198531,0.051939,0.158604,-4.186967,-0.422097,0.018848,-0.001227,0.000068,-0.999822
12.480000,-5.474611,-0.324081,0.039210,0.252735,-4.183084,-0.426515,0.030285,-0.001183,0.000078,-0.999541
12.510000,-5.465618,-0.449479,0.026365,0.346799,-4.176765,-0.429766,0.041654,-0.001135,0.000098,-0.999131
12.540000,-5.453804,-0.574651,0.013442,0.440802,-4.168053,-0.431823,0.053056,-0.001095,0.000109,-0.998591
12.570000,-5.439169,-0.699527,0.000475,0.534869,-4.156989,-0.432637,0.064431,-0.001033,0.000102,-0.997922
12.600000,-5.421712,-0.824035,-0.012500,0.628921,-4.143528,-0.432329,0.075823,-0.001004,0.000090,-0.997121
12.630000,-5.401437,-0.948103,-0.025445,0.722759,-4.127700,-0.430687,0.087169,-0.000938,0.000096,-0.996193
12.660000,-5.378350,-1.071664,-0.038323,0.816343,-4.109683,-0.427868,0.098523,-0.000906,0.000093,-0.995134
12.690000,-5.352462,-1.194650,-0.051100,0.909534,-4.089390,-0.423926,0.109855,-0.000846,0.000085,-0.993947
12.720000,-5.323784,-1.316996,-0.063740,1.002320,-4.067004,-0.418749,0.121207,-0.000819,0.000046,-0.992627
12.750000,-5.292330,-1.438635,-0.076209,1.094640,-4.042269,-0.412515,0.132473,-0.000735,0.000033,-0.991186
12.780000,-5.258115,-1.559501,-0.088473,1.186324,-4.015463,-0.405067,0.143788,-0.000699,0.000010,-0.989608
12.810000,-5.221159,-1.679528,-0.100493,1.277400,-3.986313,-0.396252,0.155027,-0.000637,0.000004,-0.987910
12.840000,-5.181483,-1.798648,-0.112234,1.367724,-3.955040,-0.386468,0.166306,-0.000617,-0.000008,-0.986074
12.870000,-5.139106,-1.916795,-0.123661,1.457403,-3.921415,-0.375378,0.177519,-0.000555,-0.000011,-0.984117
12.900000,-5.094050,-2.033903,-0.134741,1.546326,-3.885814,-0.363269,0.188757,-0.000527,-0.000009,-0.982024
12.930000,-5.046338,-2.149911,-0.145444,1.634467,-3.848055,-0.350272,0.199976,-0.000459,-0.000008,-0.979801
12.960000,-4.995991,-2.264758,-0.155739,1.721973,-3.808379,-0.336072,0.211091,-0.000434,-0.000010,-0.977466
12.990000,-4.943033,-2.378384,-0.165595,1.808595,-3.766720,-0.320970,0.222284,-0.000360,-0.000019,-0.974982
13.020000,-4.887486,-2.490733,-0.174985,1.894504,-3.723194,-0.305059,0.233364,-0.000307,-0.000066,-0.972389
13.050000,-4.829375,-2.601746,-0.183886,1.979577,-3.677697,-0.288281,0.244505,-0.000249,-0.000082,-0.969648
13.080000,-4.768725,-2.711364,-0.192270,2.063745,-3.630140,-0.270703,0.255581,-0.000221,-0.000121,-0.966788
13.110000,-4.705563,-2.819530,-0.200114,2.147075,-3.580924,-0.252177,0.266566,-0.000134,-0.000114,-0.963817
13.140000,-4.639916,-2.926189,-0.207393,2.229373,-3.529701,-0.233110,0.277596,-0.000105,-0.000101,-0.960698
13.170000,-4.571815,-3.031289,-0.214091,2.310717,-3.476919,-0.213424,0.288483,-0.000056,-0.000087,-0.957485
13.200000,-4.501292,-3.134779,-0.220188,2.390809,-3.422466,-0.193052,0.299414,0.000001,-0.000091,-0.954123
13.230000,-4.428385,-3.236612,-0.225664,2.469635,-3.366414,-0.171986,0.310276,0.000056,-0.000095,-0.950646
13.260000,-4.353132,-3.336738,-0.230500,2.547245,-3.308630,-0.150417,0.321122,0.000109,-0.000096,-0.947038
13.290000,-4.275571,-3.435105,-0.234682,2.623522,-3.249178,-0.128406,0.331915,0.000156,-0.000096,-0.943309
13.320000,-4.195744,-3.531665,-0.238200,2.698273,-3.188121,-0.106125,0.342671,0.000214,-0.000098,-0.939455
13.350000,-4.113695,-3.626369,-0.241042,2.771622,-3.125517,-0.083343,0.353381,0.000269,-0.000096,-0.935480
13.380000,-4.029469,-3.719175,-0.243200,2.843480,-3.061521,-0.060502,0.364024,0.000318,-0.000087,-0.931390
13.410000,-3.943112,-3.810041,-0.244666,2.913630,-2.996226,-0.037285,0.374648,0.000365,-0.000086,-0.927167
13.440000,-3.854679,-3.898927,-0.245436,2.981922,-2.929500,-0.014050,0.385278,0.000403,-0.000088,-0.922801
13.470000,-3.764223,-3.985793,-0.245507,3.048473,-2.861545,0.009322,0.395791,0.000552,-0.000060,-0.918341
13.500000,-3.671800,-4.070603,-0.244875,3.113044,-2.792503,0.032831,0.406172,0.000556,-0.000016,-0.913796
13.530000,-3.577464,-4.153326,-0.243536,3.176031,-2.722343,0.056434,0.416592,0.000625,0.000037,-0.909093
13.560000,-3.481265,-4.233925,-0.241490,3.237238,-2.650939,0.079943,0.426923,0.000661,0.000088,-0.904288
13.590000,-3.383256,-4.312363,-0.238743,3.296697,-2.578267,0.103189,0.437173,0.000691,0.000172,-0.899377
13.620000,-3.283494,-4.388603,-0.235303,3.354097,-2.504369,0.126151,0.447405,0.000727,0.000255,-0.894331
13.650000,-3.182037,-4.462605,-0.231181,3.409681,-2.429116,0.148679,0.457543,0.000780,0.000329,-0.889187
13.680000,-3.078937,-4.534333,-0.226388,3.463656,-2.352724,0.170825,0.467651,0.000834,0.000416,-0.883913
13.710000,-2.974248,-4.603749,-0.220938,3.515602,-2.274997,0.192502,0.477680,0.000883,0.000533,-0.878533
13.740000,-2.868028,-4.670817,-0.214846,3.565790,-2.196239,0.213640,0.487668,0.000897,0.000649,-0.873029
13.770000,-2.760328,-4.735505,-0.208133,3.614201,-2.116276,0.233916,0.497578,0.000957,0.000757,-0.867418
13.800000,-2.651203,-4.797776,-0.200820,3.660761,-2.035153,0.253625,0.507427,0.001019,0.000865,-0.861694
13.830000,-2.540714,-4.857600,-0.192930,3.705197,-1.953114,0.272357,0.517194,0.001061,0.000988,-0.855867
13.860000,-2.428921,-4.914949,-0.184488,3.747696,-1.870139,0.290452,0.526910,0.001133,0.001105,-0.849920
13.890000,-2.315884,-4.969796,-0.175518,3.788044,-1.786305,0.307551,0.536549,0.001213,0.001205,-0.843868
13.920000,-2.201671,-5.022116,-0.166048,3.826167,-1.701726,0.323815,0.546112,0.001297,0.001304,-0.837710
13.950000,-2.086347,-5.071887,-0.156099,3.862145,-1.616305,0.339406,0.555607,0.001396,0.001399,-0.831443
13.980000,-1.969979,-5.119081,-0.145699,3.895670,-1.529968,0.353922,0.565018,0.001487,0.001488,-0.825076
14.010000,-1.852639,-5.163677,-0.134875,3.927039,-1.443082,0.367677,0.574354,0.001579,0.001573,-0.818604
14.040000,-1.734393,-5.205654,-0.123653,3.955992,-1.355382,0.380474,0.583622,0.001676,0.001658,-0.812022
14.070000,-1.615313,-5.244985,-0.112061,3.982707,-1.266742,0.392332,0.592797,0.001768,0.001740,-0.805348
14.100000,-1.495463,-5.281647,-0.100129,4.007262,-1.177375,0.403153,0.601911,0.001869,0.001818,-0.798559
14.130000,-1.374913,-5.315616,-0.087890,4.029450,-1.087239,0.412746,0.610932,0.001972,0.001890,-0.791677
14.160000,-1.253728,-5.346869,-0.075380,4.049538,-0.996292,0.421267,0.619876,0.002068,0.001957,-0.784693
14.190000,-1.131969,-5.375381,-0.062628,4.067679,-0.904457,0.428888,0.628742,0.002171,0.002027,-0.777606
14.220000,-1.009700,-5.401122,-0.049665,4.083614,-0.811650,0.435287,0.637522,0.002275,0.002113,-0.770423
14.250000,-0.886979,-5.424066,-0.036528,4.097787,-0.717912,0.440547,0.646223,0.002396,0.002226,-0.763137
14.280000,-0.763861,-5.444182,-0.023249,4.110056,-0.623198,0.444699,0.654840,0.002428,0.002402,-0.755754
14.310000,-0.640403,-5.461442,-0.009864,4.120520,-0.527424,0.447654,0.663363,0.002504,0.002628,-0.748280
14.340000,-0.516658,-5.475813,0.003594,4.129109,-0.430688,0.449536,0.671779,0.002540,0.002914,-0.740731
14.370000,-0.392679,-5.487272,0.017094,4.136206,-0.333210,0.450477,0.680044,0.002649,0.003232,-0.733147
14.400000,-0.268513,-5.495801,0.030609,4.141524,-0.235419,0.450511,0.688374,0.002731,0.003463,-0.725330
14.430000,-0.144215,-5.501396,0.044109,4.144993,-0.137588,0.449462,0.696632,0.002843,0.003718,-0.717399
14.460000,-0.019842,-5.504065,0.057559,4.146557,-0.040352,0.447192,0.704854,0.002934,0.003796,-0.709321
14.490000,0.104547,-5.503827,0.070921,4.146050,0.056236,0.443627,0.712936,0.003038,0.003892,-0.701197
14.520000,0.228892,-5.500704,0.084156,4.143584,0.151984,0.438726,0.720950,0.003124,0.003987,-0.692955
14.550000,0.353137,-5.494715,0.097225,4.139398,0.247303,0.432491,0.728920,0.003161,0.004089,-0.684567
14.580000,0.477225,-5.485870,0.110087,4.133185,0.342353,0.425016,0.736789,0.003216,0.004199,-0.676091
14.610000,0.601100,-5.474179,0.122703,4.125113,0.437006,0.416056,0.744622,0.003276,0.004348,-0.667455
14.640000,0.724701,-5.459656,0.135035,4.114976,0.531233,0.406090,0.752345,0.003352,0.004512,-0.658739
14.670000,0.847968,-5.442311,0.147050,4.102787,0.625095,0.394910,0.759795,0.003380,0.004548,-0.650134
14.700000,0.970837,-5.422155,0.158714,4.088495,0.718640,0.382668,0.767291,0.003450,0.004647,-0.641270
14.730000,1.093242,-5.399196,0.169994,4.071837,0.811954,0.369328,0.774515,0.003548,0.004661,-0.632526
14.760000,1.215112,-5.373439,0.180860,4.052868,0.905192,0.355091,0.781751,0.003666,0.004701,-0.623561
14.790000,1.336378,-5.344891,0.191289,4.031480,0.997962,0.340164,0.788803,0.003795,0.004690,-0.614615
14.820000,1.456967,-5.313567,0.201257,4.007823,1.090328,0.324326,0.795807,0.003948,0.004642,-0.605519
14.850000,1.576811,-5.279479,0.210737,3.981743,1.182208,0.307717,0.802634,0.004082,0.004625,-0.596439
14.880000,1.695838,-5.242642,0.219707,3.953396,1.273558,0.290300,0.809401,0.004213,0.004479,-0.587224
14.910000,1.813982,-5.203074,0.228139,3.922874,1.364351,0.271787,0.816009,0.004364,0.004337,-0.578007
14.940000,1.931175,-5.160792,0.236007,3.890016,1.454430,0.252742,0.822579,0.004444,0.004379,-0.568616
14.970000,2.047354,-5.115818,0.243288,3.855238,1.543814,0.232697,0.828969,0.004463,0.004266,-0.559261
15.000000,2.162459,-5.068174,0.249956,3.818458,1.632499,0.211831,0.835322,0.004546,0.004265,-0.549726
15.030000,2.276432,-5.017882,0.255989,3.779721,1.720276,0.190327,0.841524,0.004599,0.004156,-0.540185
15.060000,2.389215,-4.964966,0.261362,3.739156,1.807495,0.167891,0.847624,0.004678,0.004091,-0.530561
15.090000,2.500750,-4.909446,0.266052,3.696499,1.893823,0.144810,0.853593,0.004797,0.003962,-0.520903
15.120000,2.610976,-4.851348,0.270041,3.651897,1.979359,0.121096,0.859451,0.004917,0.003794,-0.511180
15.150000,2.719835,-4.790697,0.273309,3.605339,2.064036,0.096790,0.865197,0.005052,0.003647,-0.501394
15.180000,2.827271,-4.727521,0.275842,3.557069,2.147691,0.072060,0.870836,0.005065,0.003471,-0.491534
15.210000,2.933234,-4.661851,0.277623,3.507171,2.230335,0.046665,0.876365,0.005029,0.003344,-0.481610
15.240000,3.037675,-4.593714,0.278638,3.455517,2.312108,0.021040,0.881789,0.004955,0.003184,-0.471607
15.270000,3.140538,-4.523139,0.278880,3.402036,2.392931,-0.004921,0.887084,0.004872,0.003046,-0.461573
15.300000,3.241768,-4.450152,0.278340,3.346666,2.472841,-0.031059,0.892272,0.004749,0.002873,-0.451465
15.330000,3.341314,-4.374782,0.277016,3.289704,2.551859,-0.057220,0.897346,0.004707,0.002673,-0.441294
15.360000,3.439122,-4.297058,0.274906,3.230836,2.629698,-0.083471,0.902293,0.004616,0.002458,-0.431092
15.390000,3.535142,-4.217015,0.272013,3.170490,2.706502,-0.109406,0.907131,0.004562,0.002222,-0.420817
15.420000,3.629329,-4.134692,0.268347,3.108642,2.781738,-0.134952,0.911839,0.004510,0.001967,-0.410519
15.450000,3.721640,-4.050138,0.263927,3.045454,2.855191,-0.159713,0.916435,0.004457,0.001733,-0.400154
15.480000,3.812040,-3.963404,0.258782,2.981175,2.927073,-0.183279,0.920881,0.004388,0.001605,-0.389815
15.510000,3.900498,-3.874544,0.252945,2.916003,2.996919,-0.205898,0.925248,0.004426,0.001189,-0.379336
15.540000,3.986982,-3.783620,0.246445,2.849650,3.064694,-0.227416,0.929457,0.004404,0.000947,-0.368902
15.570000,4.071459,-3.690693,0.239317,2.782111,3.130442,-0.247788,0.933590,0.004318,0.000590,-0.358317
15.600000,4.153891,-3.595820,0.231592,2.713381,3.194402,-0.267185,0.937570,0.004183,0.000378,-0.347772
15.630000,4.234242,-3.499055,0.223305,2.643366,3.256622,-0.285316,0.941451,0.003962,0.000273,-0.337127
15.660000,4.312473,-3.400449,0.214493,2.572041,3.317074,-0.302172,0.945201,0.003847,-0.000130,-0.326467
15.690000,4.388547,-3.300059,0.205187,2.499515,3.375632,-0.318182,0.948836,0.003750,-0.000303,-0.315748
15.720000,4.462425,-3.197941,0.195418,2.425712,3.432189,-0.333132,0.952356,0.003768,-0.000671,-0.304963
15.750000,4.534071,-3.094158,0.185210,2.350688,3.486714,-0.347376,0.955721,0.003766,-0.000960,-0.294249
15.780000,4.603449,-2.988773,0.174583,2.274508,3.538942,-0.361097,0.958998,0.003728,-0.001302,-0.283385
15.810000,4.670521,-2.881853,0.163554,2.196976,3.589019,-0.374179,0.962125,0.003688,-0.001567,-0.272579
15.840000,4.735248,-2.773466,0.152138,2.118099,3.636833,-0.386849,0.965129,0.003637,-0.001862,-0.261741
15.870000,4.797587,-2.663678,0.140350,2.037882,3.682336,-0.399043,0.968035,0.003541,-0.002126,-0.250782
15.900000,4.857498,-2.552560,0.128207,1.956193,3.725523,-0.410512,0.970810,0.003375,-0.002376,-0.239813
15.930000,4.914939,-2.440180,0.115725,1.873175,3.766516,-0.421576,0.973475,0.003014,-0.002714,-0.228758
15.960000,4.969866,-2.326602,0.102924,1.788606,3.805332,-0.431861,0.975989,0.002827,-0.002835,-0.217783
15.990000,5.022236,-2.211891,0.089826,1.702765,3.842090,-0.441315,0.978400,0.002563,-0.003013,-0.206684
16.020000,5.072012,-2.096106,0.076463,1.615622,3.876869,-0.449566,0.980675,0.002278,-0.003092,-0.195608
16.050000,5.119154,-1.979306,0.062871,1.527181,3.909842,-0.456567,0.982833,0.001863,-0.003069,-0.184465
16.080000,5.163629,-1.861544,0.049098,1.437813,3.940920,-0.461651,0.984857,0.001259,-0.002860,-0.173338
16.110000,5.205410,-1.742878,0.035213,1.347588,3.970182,-0.463992,0.986761,0.000254,-0.002430,-0.162160
16.140000,5.244472,-1.623357,0.021292,1.256557,3.997855,-0.464043,0.988548,-0.000523,-0.002510,-0.150886
16.170000,5.280792,-1.503034,0.007398,1.164758,4.023681,-0.462267,0.990191,-0.001027,-0.002137,-0.139699
16.200000,5.314353,-1.381969,-0.006424,1.072649,4.047336,-0.459155,0.991716,-0.001437,-0.002547,-0.128420
16.230000,5.345139,-1.260228,-0.020141,0.979770,4.068709,-0.455372,0.993129,-0.001745,-0.002480,-0.116987
16.260000,5.373133,-1.137880,-0.033734,0.886464,4.087860,-0.450795,0.994392,-0.001986,-0.002610,-0.105709
16.290000,5.398321,-1.014988,-0.047177,0.792739,4.104894,-0.445405,0.995536,-0.002105,-0.002569,-0.094325
16.320000,5.420693,-0.891615,-0.060447,0.698732,4.120011,-0.439238,0.996546,-0.002265,-0.002617,-0.082970
16.350000,5.440240,-0.767818,-0.073516,0.604386,4.133079,-0.432082,0.997429,-0.002289,-0.002583,-0.071581
16.380000,5.456954,-0.643661,-0.086359,0.509882,4.144096,-0.424093,0.998177,-0.002273,-0.002525,-0.060260
16.410000,5.470829,-0.519205,-0.098947,0.415136,4.152958,-0.415091,0.998802,-0.002171,-0.002524,-0.048814
16.440000,5.481859,-0.394512,-0.111247,0.320203,4.159876,-0.404941,0.999295,-0.002021,-0.002361,-0.037410
16.470000,5.490036,-0.269645,-0.123223,0.224916,4.164619,-0.393453,0.999658,-0.001920,-0.002301,-0.025975
16.500000,5.495349,-0.144666,-0.134840,0.129326,4.167286,-0.380979,0.999890,-0.001846,-0.002241,-0.014550
16.530000,5.497790,-0.019640,-0.146066,0.033353,4.167790,-0.367421,0.999991,-0.001783,-0.002195,-0.003113
16.560000,5.497348,0.105370,-0.156870,-0.062800,4.166242,-0.352841,0.999962,-0.001710,-0.002157,0.008332
16.590000,5.494021,0.230301,-0.167227,-0.159021,4.162479,-0.337634,0.999801,-0.001610,-0.002146,0.019789
16.620000,5.487805,0.355086,-0.177115,-0.255327,4.156535,-0.321593,0.999510,-0.001579,-0.002084,0.031199
16.650000,5.478700,0.479661,-0.186509,-0.351712,4.148431,-0.304686,0.999086,-0.001553,-0.002052,0.042665
16.680000,5.466706,0.603964,-0.195387,-0.447884,4.138420,-0.287146,0.998533,-0.001499,-0.002023,0.054088
16.710000,5.451833,0.727936,-0.203727,-0.543654,4.126393,-0.268899,0.997847,-0.001456,-0.001975,0.065539
16.740000,5.434094,0.851516,-0.211512,-0.638957,4.112305,-0.250051,0.997032,-0.001431,-0.001930,0.076953
16.770000,5.413505,0.974646,-0.218722,-0.733607,4.096331,-0.230663,0.996083,-0.001322,-0.001866,0.088390
16.800000,5.390085,1.097268,-0.225340,-0.827754,4.078505,-0.210495,0.995007,-0.001213,-0.001806,0.099786
16.830000,5.363847,1.219323,-0.231343,-0.921404,4.058503,-0.189701,0.993792,-0.001062,-0.001815,0.111234
16.860000,5.334808,1.340751,-0.236714,-1.014575,4.036653,-0.168410,0.992459,-0.001006,-0.001706,0.122563
16.890000,5.302981,1.461494,-0.241442,-1.107199,4.012883,-0.146732,0.990985,-0.000961,-0.001679,0.133958
16.920000,5.268384,1.581494,-0.245510,-1.199285,3.987107,-0.124486,0.989388,-0.000956,-0.001650,0.145284
16.950000,5.231035,1.700690,-0.248908,-1.290611,3.959319,-0.102083,0.987657,-0.000924,-0.001620,0.156620
16.980000,5.190958,1.819024,-0.251631,-1.381252,3.929645,-0.079401,0.985802,-0.000834,-0.001593,0.167905
17.010000,5.148170,1.936439,-0.253667,-1.471238,3.897956,-0.056350,0.983813,-0.000778,-0.001529,0.179192
17.040000,5.102696,2.052875,-0.255008,-1.560381,3.864449,-0.033077,0.981698,-0.000652,-0.001455,0.190436
17.070000,5.054558,2.168272,-0.255649,-1.648834,3.828745,-0.009658,0.979448,-0.000579,-0.001432,0.201690
17.100000,5.003776,2.282570,-0.255587,-1.736631,3.791102,0.013800,0.977080,-0.000581,-0.001370,0.212867
17.130000,4.950370,2.395705,-0.254822,-1.823778,3.751221,0.037233,0.974576,-0.000586,-0.001359,0.224050
17.160000,4.894360,2.507611,-0.253354,-1.910175,3.709195,0.060636,0.971947,-0.000607,-0.001339,0.235195
17.190000,4.835769,2.618228,-0.251190,-1.995905,3.665284,0.083586,0.969200,-0.000624,-0.001303,0.246271
17.220000,4.774621,2.727499,-0.248342,-2.080627,3.619393,0.106321,0.966318,-0.000639,-0.001277,0.257346
17.250000,4.710945,2.835364,-0.244817,-2.164464,3.571660,0.128636,0.963316,-0.000650,-0.001234,0.268364
17.280000,4.644766,2.941767,-0.240630,-2.247432,3.521848,0.150535,0.960179,-0.000658,-0.001214,0.279383
17.310000,4.576118,3.046649,-0.235791,-2.329143,3.470268,0.172033,0.956934,-0.000663,-0.001131,0.290303
17.340000,4.505030,3.149959,-0.230317,-2.410004,3.417049,0.192948,0.953549,-0.000666,-0.001107,0.301234
17.370000,4.431538,3.251644,-0.224222,-2.489490,3.361987,0.213362,0.950054,-0.000650,-0.001071,0.312083
17.400000,4.355677,3.351656,-0.217525,-2.567906,3.305450,0.233068,0.946422,-0.000667,-0.001023,0.322929
17.430000,4.277485,3.449945,-0.210247,-2.644872,3.247171,0.252142,0.942677,-0.000675,-0.001010,0.333704
17.460000,4.197003,3.546463,-0.202409,-2.720652,3.187341,0.270416,0.938813,-0.000711,-0.000939,0.344424
17.490000,4.114270,3.641164,-0.194035,-2.794881,3.126061,0.287812,0.934827,-0.000716,-0.000931,0.355101
17.520000,4.029330,3.734000,-0.185152,-2.867770,3.063037,0.304389,0.930713,-0.000715,-0.000893,0.365749
17.550000,3.942225,3.824923,-0.175786,-2.939210,2.998502,0.320014,0.926489,-0.000716,-0.000860,0.376321
17.580000,3.853005,3.913887,-0.165969,-3.008829,2.932393,0.334510,0.922133,-0.000686,-0.000833,0.386872
17.610000,3.761720,4.000842,-0.155729,-3.076837,2.864643,0.348148,0.917685,-0.000693,-0.000779,0.397307
17.640000,3.668421,4.085744,-0.145097,-3.143098,2.795485,0.360599,0.913090,-0.000683,-0.000772,0.407756
17.670000,3.573162,4.168549,-0.134105,-3.207466,2.724849,0.372204,0.908418,-0.000693,-0.000712,0.418061
17.700000,3.476002,4.249212,-0.122782,-3.269840,2.652667,0.382698,0.903592,-0.000673,-0.000719,0.428392
17.730000,3.377000,4.327688,-0.111158,-3.330306,2.579081,0.392222,0.898694,-0.000668,-0.000660,0.438574
17.760000,3.276216,4.403937,-0.099264,-3.388677,2.504189,0.400688,0.893636,-0.000638,-0.000665,0.448792
17.790000,3.173711,4.477915,-0.087130,-3.444990,2.427697,0.408292,0.888502,-0.000621,-0.000629,0.458872
17.820000,3.069547,4.549580,-0.074784,-3.499215,2.349957,0.414742,0.883216,-0.000590,-0.000641,0.468966
17.850000,2.963788,4.618894,-0.062259,-3.551424,2.270976,0.420286,0.877843,-0.000562,-0.000612,0.478947
17.880000,2.856493,4.685818,-0.049585,-3.601544,2.190599,0.424636,0.872331,-0.000519,-0.000617,0.488916
17.910000,2.747726,4.750314,-0.036797,-3.649613,2.109150,0.427871,0.866723,-0.000467,-0.000593,0.498789
17.940000,2.637549,4.812346,-0.023927,-3.695502,2.026347,0.430184,0.860972,-0.000381,-0.000616,0.508652
17.970000,2.526029,4.871877,-0.011006,-3.739149,1.942341,0.431177,0.855146,-0.000306,-0.000578,0.518386
18.000000,2.413231,4.928870,0.001929,-3.780726,1.857213,0.431130,0.849176,-0.000287,-0.000574,0.528109
18.030000,2.299216,4.983287,0.014845,-3.820275,1.770585,0.429975,0.843121,-0.000263,-0.000592,0.537723
18.060000,2.184047,5.035088,0.027708,-3.857691,1.682831,0.427557,0.836913,-0.000250,-0.000584,0.547336
18.090000,2.067786,5.084239,0.040480,-3.893023,1.593906,0.423928,0.830637,-0.000235,-0.000600,0.556814
18.120000,1.950497,5.130709,0.053127,-3.926231,1.504048,0.419164,0.824196,-0.000223,-0.000589,0.566305
18.150000,1.832248,5.174469,0.065611,-3.957049,1.413290,0.413136,0.817690,-0.000204,-0.000599,0.575659
18.180000,1.713110,5.215495,0.077896,-3.985499,1.321817,0.405864,0.811025,-0.000173,-0.000538,0.585011
18.210000,1.593155,5.253771,0.089946,-4.011493,1.229904,0.397468,0.804294,-0.000141,-0.000576,0.594231
18.240000,1.472459,5.289287,0.101727,-4.034923,1.137818,0.387937,0.797399,-0.000082,-0.000504,0.603452
18.270000,1.351096,5.322038,0.113207,-4.055942,1.045604,0.377355,0.790430,-0.000029,-0.000538,0.612553
18.300000,1.229142,5.352019,0.124349,-4.074326,0.953128,0.365498,0.783316,0.000061,-0.000490,0.621624
18.330000,1.106673,5.379227,0.135120,-4.090230,0.860708,0.352564,0.776105,0.000193,-0.000474,0.630603
18.360000,0.983761,5.403661,0.145487,-4.103914,0.768221,0.338568,0.768782,0.000338,-0.000439,0.639511
18.390000,0.860474,5.425321,0.155419,-4.115243,0.675816,0.323518,0.761268,0.000506,-0.000354,0.648437
18.420000,0.736884,5.444205,0.164885,-4.124114,0.583118,0.307574,0.753579,0.000700,-0.000250,0.657357
18.450000,0.613063,5.460305,0.173862,-4.130623,0.490212,0.290885,0.745770,0.000902,-0.000177,0.666203
18.480000,0.489077,5.473607,0.182328,-4.135104,0.396603,0.273513,0.738033,0.001001,-0.000162,0.674763
18.510000,0.364986,5.484083,0.190262,-4.137586,0.301778,0.255432,0.730221,0.001074,-0.000185,0.683211
18.540000,0.240846,5.491692,0.197649,-4.138439,0.205447,0.237002,0.722315,0.001122,-0.000229,0.691564
18.570000,0.116705,5.496383,0.204474,-4.137612,0.107340,0.217993,0.714316,0.001156,-0.000273,0.699822
18.600000,-0.007386,5.498114,0.210723,-4.135158,0.008026,0.198631,0.706245,0.001184,-0.000299,0.707967
18.630000,-0.131382,5.496851,0.216387,-4.131235,-0.092240,0.178993,0.698190,0.001208,-0.000267,0.715911
18.660000,-0.255239,5.492579,0.221458,-4.125849,-0.192552,0.159025,0.690309,0.001152,-0.000273,0.723513
18.690000,-0.378916,5.485309,0.225924,-4.119347,-0.292082,0.138708,0.682267,0.001124,-0.000274,0.731102
18.720000,-0.502379,5.475064,0.229775,-4.111517,-0.390912,0.118046,0.674110,0.001114,-0.000275,0.738630
18.750000,-0.625583,5.461867,0.232998,-4.102038,-0.488923,0.096822,0.665858,0.001121,-0.000282,0.746078
18.780000,-0.748480,5.445739,0.235580,-4.091099,-0.586235,0.075308,0.657532,0.001134,-0.000291,0.753426
18.810000,-0.871027,5.426709,0.237512,-4.078737,-0.682488,0.053510,0.648995,0.001064,-0.000360,0.760792
18.840000,-0.993181,5.404809,0.238788,-4.064811,-0.777479,0.031554,0.640338,0.000926,-0.000451,0.768092
18.870000,-1.114893,5.380079,0.239403,-4.049322,-0.871190,0.009465,0.631586,0.000667,-0.000549,0.775305
18.900000,-1.236115,5.352561,0.239358,-4.032161,-0.963365,-0.012468,0.622720,0.000552,-0.000643,0.782444
18.930000,-1.356797,5.322297,0.238655,-4.013338,-1.054243,-0.034418,0.613782,0.000516,-0.000699,0.789475
18.960000,-1.476885,5.289326,0.237295,-3.992488,-1.143798,-0.056273,0.604777,0.000454,-0.000727,0.796394
18.990000,-1.596317,5.253687,0.235280,-3.969690,-1.232111,-0.078031,0.595708,0.000362,-0.000747,0.803200
19.020000,-1.715039,5.215415,0.232612,-3.945074,-1.319417,-0.099851,0.586545,0.000287,-0.000757,0.809916
19.050000,-1.832988,5.174533,0.229292,-3.918191,-1.406044,-0.121442,0.577297,0.000234,-0.000768,0.816534
19.080000,-1.950092,5.131063,0.225329,-3.888748,-1.491941,-0.142797,0.567956,0.000160,-0.000825,0.823059
19.110000,-2.066274,5.085021,0.220731,-3.856718,-1.577497,-0.163749,0.558552,0.000059,-0.000848,0.829469
19.140000,-2.181458,5.036419,0.215506,-3.822250,-1.662628,-0.184554,0.549054,0.000002,-0.000842,0.835786
19.170000,-2.295574,4.985271,0.209665,-3.785446,-1.747291,-0.204836,0.539515,-0.000090,-0.000809,0.841976
19.200000,-2.408550,4.931589,0.203225,-3.746318,-1.831451,-0.224526,0.529889,-0.000160,-0.000761,0.848067
19.230000,-2.520319,4.875392,0.196204,-3.704957,-1.915061,-0.243544,0.520192,-0.000231,-0.000703,0.854049
19.260000,-2.630814,4.816698,0.188625,-3.661330,-1.997867,-0.261721,0.510424,-0.000289,-0.000638,0.859923
19.290000,-2.739966,4.755532,0.180510,-3.615507,-2.079845,-0.279275,0.500594,-0.000353,-0.000564,0.865682
19.320000,-2.847717,4.691920,0.171881,-3.567859,-2.160956,-0.295975,0.490700,-0.000405,-0.000489,0.871329
19.350000,-2.954008,4.625891,0.162760,-3.518254,-2.240955,-0.312117,0.480740,-0.000449,-0.000403,0.876863
19.380000,-3.058780,4.557478,0.153166,-3.466509,-2.319972,-0.327455,0.470723,-0.000478,-0.000320,0.882281
19.410000,-3.161973,4.486709,0.143126,-3.413001,-2.397910,-0.341894,0.460649,-0.000496,-0.000227,0.887582
19.440000,-3.263533,4.413621,0.132664,-3.357666,-2.474631,-0.355593,0.450530,-0.000492,-0.000132,0.892761
19.470000,-3.363403,4.338251,0.121804,-3.300365,-2.550033,-0.368378,0.440324,-0.000532,-0.000055,0.897839
19.500000,-3.461530,4.260639,0.110575,-3.241454,-2.624128,-0.380215,0.430073,-0.000540,-0.000001,0.902794
19.530000,-3.557865,4.180824,0.099003,-3.180880,-2.696887,-0.391286,0.419755,-0.000551,0.000063,0.907637
19.560000,-3.652357,4.098848,0.087115,-3.118532,-2.768171,-0.401218,0.409384,-0.000573,0.000102,0.912362
19.590000,-3.744953,4.014753,0.074945,-3.054583,-2.838144,-0.410154,0.398963,-0.000584,0.000134,0.916967
19.620000,-3.835610,3.928584,0.062523,-2.989191,-2.906478,-0.417920,0.388493,-0.000590,0.000161,0.921451
19.650000,-3.924278,3.840388,0.049885,-2.922042,-2.973270,-0.424653,0.377967,-0.000586,0.000189,0.925819
19.680000,-4.010910,3.750212,0.037065,-2.853378,-3.038455,-0.430000,0.367390,-0.000562,0.000229,0.930067
19.710000,-4.095457,3.658102,0.024102,-2.783114,-3.102214,-0.434220,0.356774,-0.000523,0.000266,0.934191
19.740000,-4.177873,3.564100,0.011027,-2.711252,-3.164550,-0.437413,0.346111,-0.000457,0.000331,0.938193
19.770000,-4.258110,3.468251,-0.002122,-2.637888,-3.225385,-0.439212,0.335353,-0.000404,0.000403,0.942092
19.800000,-4.336123,3.370597,-0.015306,-2.563034,-3.284869,-0.439742,0.324644,-0.000305,0.000469,0.945836
19.830000,-4.411869,3.271185,-0.028488,-2.486675,-3.342631,-0.439030,0.313780,-0.000299,0.000507,0.949496
19.860000,-4.485303,3.170064,-0.041628,-2.408889,-3.398769,-0.436979,0.302972,-0.000212,0.000549,0.952999
19.890000,-4.556384,3.067284,-0.054684,-2.329853,-3.453183,-0.433447,0.292019,-0.000165,0.000591,0.956412
19.920000,-4.625076,2.962899,-0.067615,-2.249646,-3.505857,-0.428602,0.281120,-0.000092,0.000620,0.959672
19.950000,-4.691345,2.856959,-0.080379,-2.168305,-3.556775,-0.422284,0.270115,-0.000036,0.000661,0.962828
19.980000,-4.755157,2.749520,-0.092933,-2.085814,-3.605860,-0.414665,0.259129,0.000051,0.000698,0.965843
20.010000,-4.816479,2.640636,-0.105239,-2.002337,-3.653075,-0.405755,0.248070,0.000124,0.000726,0.968742
20.040000,-4.875281,2.530364,-0.117262,-1.917783,-3.698394,-0.395799,0.236995,0.000215,0.000749,0.971511
20.070000,-4.931534,2.418762,-0.128968,-1.832415,-3.741707,-0.384600,0.225893,0.000293,0.000766,0.974152
20.100000,-4.985210,2.305891,-0.140323,-1.745985,-3.783030,-0.372389,0.214760,0.000380,0.000773,0.976666
20.130000,-5.036278,2.191810,-0.151295,-1.658510,-3.822385,-0.359041,0.203597,0.000457,0.000773,0.979054
20.160000,-5.084709,2.076579,-0.161849,-1.570217,-3.859701,-0.344569,0.192401,0.000536,0.000760,0.981316
20.190000,-5.130476,1.960258,-0.171956,-1.480974,-3.895001,-0.329241,0.181196,0.000586,0.000724,0.983447
20.220000,-5.173555,1.842909,-0.181585,-1.390902,-3.928249,-0.312727,0.169955,0.000687,0.000713,0.985451
20.250000,-5.213919,1.724593,-0.190710,-1.300027,-3.959505,-0.295558,0.158688,0.000748,0.000716,0.987328
20.280000,-5.251546,1.605367,-0.199306,-1.208464,-3.988889,-0.277504,0.147392,0.000826,0.000710,0.989078
20.310000,-5.286415,1.485288,-0.207349,-1.116124,-4.016387,-0.258734,0.136067,0.000888,0.000704,0.990699
20.340000,-5.318504,1.364415,-0.214819,-1.023181,-4.041835,-0.239263,0.124731,0.000948,0.000688,0.992190
20.370000,-5.347798,1.242810,-0.221697,-0.929740,-4.065151,-0.219252,0.113379,0.000990,0.000658,0.993551
20.400000,-5.374286,1.120535,-0.227965,-0.836102,-4.086518,-0.198649,0.101980,0.001015,0.000605,0.994786
20.430000,-5.397958,0.997649,-0.233605,-0.742064,-4.105867,-0.177352,0.090571,0.001022,0.000556,0.995889
20.460000,-5.418808,0.874214,-0.238597,-0.647951,-4.123116,-0.155435,0.079196,0.001041,0.000524,0.996858
20.490000,-5.436832,0.750292,-0.242928,-0.553651,-4.138399,-0.133312,0.067775,0.001075,0.000460,0.997700
20.520000,-5.452026,0.625942,-0.246588,-0.459252,-4.151579,-0.110685,0.056370,0.001062,0.000401,0.998409
20.550000,-5.464390,0.501228,-0.249570,-0.365023,-4.162718,-0.088057,0.044883,0.001108,0.000230,0.998992
20.580000,-5.473930,0.376209,-0.251869,-0.270948,-4.171881,-0.065263,0.033360,0.001101,0.000074,0.999443
20.610000,-5.480647,0.250947,-0.253484,-0.176857,-4.178919,-0.042349,0.021997,0.001089,0.000028,0.999757
20.640000,-5.484541,0.125505,-0.254408,-0.082770,-4.183866,-0.019264,0.010540,0.001072,-0.000012,0.999944
20.670000,-5.485611,-0.000051,-0.254641,0.011452,-4.186501,0.003734,0.000891,-0.001048,0.000047,-0.999999
20.700000,-5.483854,-0.125650,-0.254186,0.105694,-4.186762,0.026545,0.012305,-0.001004,0.000074,-0.999924
20.730000,-5.479268,-0.251225,-0.253050,0.199994,-4.184896,0.049232,0.023758,-0.001026,0.000057,-0.999717
20.760000,-5.471855,-0.376707,-0.251235,0.294252,-4.180572,0.071766,0.035119,-0.000953,0.000088,-0.999383
20.790000,-5.461614,-0.502026,-0.248747,0.388480,-4.174060,0.094069,0.046543,-0.000972,0.000096,-0.998916
20.820000,-5.448545,-0.627114,-0.245592,0.482745,-4.165167,0.116311,0.057884,-0.000922,0.000090,-0.998323
20.850000,-5.432648,-0.751905,-0.241774,0.577058,-4.154185,0.138208,0.069292,-0.000915,0.000057,-0.997596
20.880000,-5.413924,-0.876329,-0.237304,0.671205,-4.140777,0.159808,0.080618,-0.000882,0.000052,-0.996745
20.910000,-5.392374,-1.000321,-0.232189,0.765459,-4.125331,0.181173,0.091957,-0.000875,0.000054,-0.995763
20.940000,-5.367999,-1.123817,-0.226439,0.859575,-4.107752,0.202144,0.103260,-0.000845,0.000055,-0.994654
20.970000,-5.340805,-1.246755,-0.220064,0.953323,-4.088113,0.222845,0.114559,-0.000839,0.000057,-0.993416
